<?xml version="1.0" encoding="UTF-8" standalone="no"?><menu><comida><nombre>Tallarines con verduras y salsa de soja</nombre><precio>6.95</precio><descripcion>Tallarines con cebolla, pimiento rojo y calabacín con salsa de soja</descripcion><calorias>650</calorias></comida><comida><nombre>Patatas guisadas con chorizo</nombre><precio>7.95</precio><descripcion>Patatas guisadas con puerro y chorizo</descripcion><calorias>900</calorias></comida><comida><nombre>Huevos fritos con patatas</nombre><precio>5.95</precio><descripcion>Dos huevos fritos con una ración de patatas fritas</descripcion><calorias>115</calorias></comida><comida><nombre>Sopa castellana</nombre><precio>6.85</precio><descripcion>Sopa a base de pan, huevo, pimentón y ajo</descripcion><calorias>105</calorias></comida></menu>