<?xml version="1.0" encoding="UTF-8" standalone="no"?><Empleados>
        	
    
    <Empleado id="1">
                		
        
        <edad>20</edad>
                		
        
        <nombre>Pablo</nombre>
                		
        
        <genero>Hombre</genero>
                		
        
        <rol>Java Developer</rol>
                	
    
    </Empleado>
        	
    
    <Empleado id="2">
                		
        
        <edad>35</edad>
                		
        
        <nombre>Laura</nombre>
                		
        
        <genero>Mujer</genero>
                		
        
        <rol>CEO</rol>
                	
    
    </Empleado>
        	
    
    <Empleado id="3">
                		
        
        <edad>40</edad>
                		
        
        <nombre>Tomás</nombre>
                		
        
        <genero>Hombre</genero>
                		
        
        <rol>Product Manager</rol>
                	
    
    </Empleado>
        	
    
    <Empleado id="4">
                		
        
        <edad>25</edad>
                		
        
        <nombre>Maria</nombre>
                		
        
        <genero>Mujer</genero>
                		
        
        <rol>Project Manager</rol>
                	
    
    </Empleado>
        

</Empleados>